{"cameraMode":{"drawMode":0,"name":"Shaded","section":"Shading Mode"},"sceneLighting":true,"audioPlay":false,"sceneViewState":{"showFog":true,"showMaterialUpdate":false,"showSkybox":true,"showFlares":true,"showImageEffects":true,"showParticleSystems":true},"in2DMode":false,"pivot":{"x":-0.09439456462860108,"y":-0.20680522918701173,"z":2.3071656227111818},"rotation":{"x":-0.2612464725971222,"y":0.0020228512585163118,"z":-0.0005525336600840092,"w":-0.9652888178825378},"size":4.444950103759766,"orthographic":false}